File_Names,Bucket_Name
144200_2016-07-14_14-17-44-730093.png,nyc
144177_2016-07-14_14-17-07-367871.png,nyc
144164_2016-07-14_14-20-52-157401.png,nyc
144200_2016-07-14_14-21-00-074225.png,nyc
144177_2016-07-14_14-20-57-623900.png,nyc
144164_2016-07-14_14-21-12-340349.png,nyc
144172_2016-07-14_14-20-07-845739.png,nyc
144200_2016-07-14_14-18-13-871999.png,nyc
144177_2016-07-14_14-19-49-108407.png,nyc
144172_2016-07-14_14-21-35-092204.png,nyc
144177_2016-07-14_14-18-33-698177.png,nyc
144200_2016-07-14_14-19-44-848741.png,nyc
144177_2016-07-14_14-18-00-668789.png,nyc
144164_2016-07-14_14-19-25-036309.png,nyc
144200_2016-07-14_14-21-22-233354.png,nyc
144172_2016-07-14_14-18-19-849967.png,nyc
144177_2016-07-14_14-17-02-363233.png,nyc
144177_2016-07-14_14-18-54-715875.png,nyc
144177_2016-07-14_14-21-36-830168.png,nyc
144164_2016-07-14_14-17-21-386327.png,nyc
144164_2016-07-14_14-19-41-051776.png,nyc
144200_2016-07-14_14-19-58-860966.png,nyc
144164_2016-07-14_14-20-58-161841.png,nyc
144200_2016-07-14_14-21-16-228395.png,nyc
144177_2016-07-14_14-18-50-712949.png,nyc
144172_2016-07-14_14-17-15-723232.png,nyc
144200_2016-07-14_14-20-56-070490.png,nyc
144177_2016-07-14_14-19-36-097982.png,nyc
144164_2016-07-14_14-21-38-382139.png,nyc
144200_2016-07-14_14-19-06-914584.png,nyc
144172_2016-07-14_14-20-05-843869.png,nyc
144200_2016-07-14_14-18-10-869276.png,nyc
144164_2016-07-14_14-20-24-135254.png,nyc
144172_2016-07-14_14-17-01-710947.png,nyc
144172_2016-07-14_14-19-14-892377.png,nyc
144200_2016-07-14_14-18-44-898397.png,nyc
144172_2016-07-14_14-16-51-701921.png,nyc
144172_2016-07-14_14-21-02-893162.png,nyc
144200_2016-07-14_14-17-20-675063.png,nyc
144177_2016-07-14_14-20-10-124380.png,nyc
144200_2016-07-14_14-19-40-845152.png,nyc
144172_2016-07-14_14-20-49-882201.png,nyc
144164_2016-07-14_14-20-03-069197.png,nyc
144172_2016-07-14_14-18-37-863755.png,nyc
144200_2016-07-14_14-20-12-873914.png,nyc
144200_2016-07-14_14-20-05-867149.png,nyc
144177_2016-07-14_14-18-52-714036.png,nyc
144164_2016-07-14_14-18-22-905710.png,nyc
144172_2016-07-14_14-18-42-867843.png,nyc
144200_2016-07-14_14-20-07-869099.png,nyc
144172_2016-07-14_14-21-44-099668.png,nyc
144200_2016-07-14_14-20-47-904975.png,nyc
144172_2016-07-14_14-17-22-729291.png,nyc
144164_2016-07-14_14-20-51-156880.png,nyc
144200_2016-07-14_14-17-48-853962.png,nyc
144164_2016-07-14_14-18-00-886894.png,nyc
144172_2016-07-14_14-18-46-870832.png,nyc
144164_2016-07-14_14-20-50-155922.png,nyc
144164_2016-07-14_14-18-20-904083.png,nyc
144177_2016-07-14_14-18-23-689968.png,nyc
144177_2016-07-14_14-21-28-823758.png,nyc
144200_2016-07-14_14-21-45-253315.png,nyc
144164_2016-07-14_14-17-59-886111.png,nyc
144200_2016-07-14_14-20-57-071456.png,nyc
144172_2016-07-14_14-21-18-078211.png,nyc
144177_2016-07-14_14-20-50-233174.png,nyc
144200_2016-07-14_14-18-05-866265.png,nyc
144177_2016-07-14_14-17-48-645623.png,nyc
144164_2016-07-14_14-18-17-901058.png,nyc
144164_2016-07-14_14-19-40-050983.png,nyc
144177_2016-07-14_14-19-09-729613.png,nyc
144200_2016-07-14_14-19-38-843306.png,nyc
144172_2016-07-14_14-16-56-707265.png,nyc
144177_2016-07-14_14-21-33-827982.png,nyc
144177_2016-07-14_14-20-20-131890.png,nyc
144172_2016-07-14_14-16-59-709215.png,nyc
144172_2016-07-14_14-19-58-837447.png,nyc
144200_2016-07-14_14-17-15-670434.png,nyc
144172_2016-07-14_14-19-08-887544.png,nyc
144200_2016-07-14_14-20-04-866207.png,nyc
144177_2016-07-14_14-19-22-741343.png,nyc
144172_2016-07-14_14-20-28-863146.png,nyc
144177_2016-07-14_14-16-52-355370.png,nyc
144164_2016-07-14_14-19-53-062372.png,nyc
144200_2016-07-14_14-16-45-378135.png,nyc
144164_2016-07-14_14-16-59-369126.png,nyc
144200_2016-07-14_14-17-55-858912.png,nyc
144177_2016-07-14_14-21-43-836317.png,nyc
144164_2016-07-14_14-20-53-157732.png,nyc
144164_2016-07-14_14-20-45-151640.png,nyc
144164_2016-07-14_14-17-46-877873.png,nyc
144177_2016-07-14_14-19-32-094832.png,nyc
144200_2016-07-14_14-18-52-904251.png,nyc
144164_2016-07-14_14-18-46-925634.png,nyc
144172_2016-07-14_14-21-22-081312.png,nyc
144172_2016-07-14_14-20-25-861156.png,nyc
144172_2016-07-14_14-20-53-885374.png,nyc
144177_2016-07-14_14-19-37-098823.png,nyc
144172_2016-07-14_14-20-20-857218.png,nyc
144164_2016-07-14_14-21-06-167819.png,nyc
144164_2016-07-14_14-18-30-912458.png,nyc
144164_2016-07-14_14-16-54-364991.png,nyc
144164_2016-07-14_14-17-11-378314.png,nyc
144177_2016-07-14_14-20-05-120398.png,nyc
144177_2016-07-14_14-21-23-819394.png,nyc
144164_2016-07-14_14-18-52-929747.png,nyc
144177_2016-07-14_14-16-51-354894.png,nyc
144172_2016-07-14_14-16-58-708401.png,nyc
144172_2016-07-14_14-21-28-085879.png,nyc
144164_2016-07-14_14-20-35-143670.png,nyc
144172_2016-07-14_14-17-37-817525.png,nyc
144200_2016-07-14_14-20-17-878701.png,nyc
144172_2016-07-14_14-19-40-822020.png,nyc
144164_2016-07-14_14-20-18-080143.png,nyc
144177_2016-07-14_14-16-54-356857.png,nyc
144177_2016-07-14_14-18-12-679728.png,nyc
144177_2016-07-14_14-17-19-378662.png,nyc
144200_2016-07-14_14-18-34-889524.png,nyc
144177_2016-07-14_14-19-56-113201.png,nyc
144200_2016-07-14_14-18-23-880496.png,nyc
144177_2016-07-14_14-21-32-827085.png,nyc
144200_2016-07-14_14-19-41-846030.png,nyc
144177_2016-07-14_14-21-31-826154.png,nyc
144164_2016-07-14_14-21-13-341207.png,nyc
144200_2016-07-14_14-21-31-240858.png,nyc
144200_2016-07-14_14-19-03-912079.png,nyc
144200_2016-07-14_14-21-32-241751.png,nyc
144164_2016-07-14_14-20-12-076713.png,nyc
144177_2016-07-14_14-20-34-215781.png,nyc
144172_2016-07-14_14-20-48-881388.png,nyc
144164_2016-07-14_14-19-07-941190.png,nyc
144177_2016-07-14_14-19-27-091303.png,nyc
144172_2016-07-14_14-18-15-846740.png,nyc
144200_2016-07-14_14-17-47-853041.png,nyc
144200_2016-07-14_14-21-09-223187.png,nyc
144177_2016-07-14_14-19-21-740454.png,nyc
144172_2016-07-14_14-17-50-828672.png,nyc
144164_2016-07-14_14-17-35-742342.png,nyc
144177_2016-07-14_14-20-11-125190.png,nyc
144164_2016-07-14_14-18-31-913267.png,nyc
144172_2016-07-14_14-17-23-730195.png,nyc
144172_2016-07-14_14-19-19-896266.png,nyc
144177_2016-07-14_14-20-54-437692.png,nyc
144200_2016-07-14_14-19-27-833389.png,nyc
144172_2016-07-14_14-17-49-827747.png,nyc
144172_2016-07-14_14-17-27-809238.png,nyc
144172_2016-07-14_14-18-52-875219.png,nyc
144164_2016-07-14_14-17-49-879369.png,nyc
144164_2016-07-14_14-17-45-877129.png,nyc
144172_2016-07-14_14-19-12-890780.png,nyc
144164_2016-07-14_14-21-33-378100.png,nyc
144172_2016-07-14_14-18-14-845972.png,nyc
144172_2016-07-14_14-18-21-851622.png,nyc
144200_2016-07-14_14-19-39-844228.png,nyc
144172_2016-07-14_14-19-31-814242.png,nyc
144172_2016-07-14_14-19-41-822924.png,nyc
144164_2016-07-14_14-21-25-371155.png,nyc
144172_2016-07-14_14-19-13-891579.png,nyc
144172_2016-07-14_14-18-13-845097.png,nyc
144177_2016-07-14_14-21-09-808395.png,nyc
144177_2016-07-14_14-19-06-726768.png,nyc
144172_2016-07-14_14-20-37-871610.png,nyc
144200_2016-07-14_14-17-19-674158.png,nyc
144177_2016-07-14_14-18-35-699499.png,nyc
144177_2016-07-14_14-20-40-221243.png,nyc
144200_2016-07-14_14-21-37-246201.png,nyc
144177_2016-07-14_14-20-35-216784.png,nyc
144177_2016-07-14_14-20-55-621752.png,nyc
144172_2016-07-14_14-17-46-825280.png,nyc
144200_2016-07-14_14-18-24-880972.png,nyc
144200_2016-07-14_14-17-24-712646.png,nyc
144164_2016-07-14_14-20-01-068207.png,nyc
144164_2016-07-14_14-21-19-346722.png,nyc
144172_2016-07-14_14-19-28-811448.png,nyc
144164_2016-07-14_14-20-38-146097.png,nyc
144200_2016-07-14_14-16-51-648407.png,nyc
144164_2016-07-14_14-18-19-903255.png,nyc
144200_2016-07-14_14-18-39-893988.png,nyc
144164_2016-07-14_14-18-43-922952.png,nyc
144164_2016-07-14_14-19-39-050672.png,nyc
144177_2016-07-14_14-20-31-212789.png,nyc
144164_2016-07-14_14-20-17-079353.png,nyc
144172_2016-07-14_14-16-52-702398.png,nyc
144200_2016-07-14_14-18-53-904370.png,nyc
144164_2016-07-14_14-21-20-347586.png,nyc
144164_2016-07-14_14-21-23-350221.png,nyc
144200_2016-07-14_14-18-20-877834.png,nyc
144164_2016-07-14_14-21-29-374654.png,nyc
144177_2016-07-14_14-18-31-696328.png,nyc
144177_2016-07-14_14-17-01-362290.png,nyc
144172_2016-07-14_14-16-53-703203.png,nyc
144164_2016-07-14_14-18-02-888764.png,nyc
144200_2016-07-14_14-20-40-899188.png,nyc
144177_2016-07-14_14-17-04-365115.png,nyc
144200_2016-07-14_14-21-07-221362.png,nyc
144200_2016-07-14_14-20-38-897352.png,nyc
144177_2016-07-14_14-21-00-626147.png,nyc
144200_2016-07-14_14-18-41-895908.png,nyc
144200_2016-07-14_14-19-12-919328.png,nyc
144172_2016-07-14_14-19-27-810482.png,nyc
144177_2016-07-14_14-18-02-670439.png,nyc
144200_2016-07-14_14-18-09-868383.png,nyc
144172_2016-07-14_14-20-33-867816.png,nyc
144164_2016-07-14_14-21-28-373792.png,nyc
144164_2016-07-14_14-17-01-370870.png,nyc
144172_2016-07-14_14-20-38-872546.png,nyc
144172_2016-07-14_14-21-27-084929.png,nyc
144164_2016-07-14_14-18-26-909622.png,nyc
144164_2016-07-14_14-18-04-890280.png,nyc
144177_2016-07-14_14-18-09-676914.png,nyc
144200_2016-07-14_14-21-12-225387.png,nyc
144177_2016-07-14_14-17-44-642079.png,nyc
144177_2016-07-14_14-18-41-705029.png,nyc
144200_2016-07-14_14-18-46-899826.png,nyc
144200_2016-07-14_14-21-42-250641.png,nyc
144200_2016-07-14_14-20-32-891801.png,nyc
144177_2016-07-14_14-20-23-133876.png,nyc
144172_2016-07-14_14-21-43-098729.png,nyc
144164_2016-07-14_14-16-49-361923.png,nyc
144200_2016-07-14_14-18-37-892126.png,nyc
144200_2016-07-14_14-18-11-870189.png,nyc
144172_2016-07-14_14-20-59-890725.png,nyc
144172_2016-07-14_14-17-19-726652.png,nyc
144177_2016-07-14_14-18-15-682506.png,nyc
144177_2016-07-14_14-20-44-229273.png,nyc
144177_2016-07-14_14-20-33-214358.png,nyc
144200_2016-07-14_14-19-42-846947.png,nyc
144177_2016-07-14_14-21-24-819693.png,nyc
144200_2016-07-14_14-16-53-649949.png,nyc
144172_2016-07-14_14-21-10-071786.png,nyc
144177_2016-07-14_14-20-59-625374.png,nyc
144177_2016-07-14_14-17-57-665934.png,nyc
144177_2016-07-14_14-20-36-218177.png,nyc
144164_2016-07-14_14-18-47-926382.png,nyc
144164_2016-07-14_14-19-22-953628.png,nyc
144177_2016-07-14_14-18-18-685256.png,nyc
144200_2016-07-14_14-17-59-861644.png,nyc
144172_2016-07-14_14-19-44-825695.png,nyc
144172_2016-07-14_14-17-13-721415.png,nyc
144200_2016-07-14_14-20-49-906614.png,nyc
144164_2016-07-14_14-17-06-374523.png,nyc
144172_2016-07-14_14-20-55-887197.png,nyc
144172_2016-07-14_14-17-14-722386.png,nyc
144177_2016-07-14_14-20-41-222135.png,nyc
144200_2016-07-14_14-19-31-836871.png,nyc
144177_2016-07-14_14-21-44-836389.png,nyc
144200_2016-07-14_14-21-19-231067.png,nyc
144200_2016-07-14_14-18-08-868107.png,nyc
144177_2016-07-14_14-18-51-713369.png,nyc
144172_2016-07-14_14-17-45-824387.png,nyc
144164_2016-07-14_14-21-04-166156.png,nyc
144200_2016-07-14_14-18-36-891319.png,nyc
144164_2016-07-14_14-19-04-939168.png,nyc
144177_2016-07-14_14-17-18-377713.png,nyc
144172_2016-07-14_14-17-33-814337.png,nyc
144200_2016-07-14_14-20-37-896428.png,nyc
144177_2016-07-14_14-19-46-106302.png,nyc
144200_2016-07-14_14-18-06-866509.png,nyc
144172_2016-07-14_14-17-56-832381.png,nyc
144200_2016-07-14_14-20-41-899859.png,nyc
144200_2016-07-14_14-21-05-078769.png,nyc
144177_2016-07-14_14-19-45-105411.png,nyc
144164_2016-07-14_14-18-25-908860.png,nyc
144172_2016-07-14_14-18-29-857252.png,nyc
144164_2016-07-14_14-19-42-052710.png,nyc
144177_2016-07-14_14-16-46-341272.png,nyc
144172_2016-07-14_14-21-30-087755.png,nyc
144172_2016-07-14_14-18-48-872590.png,nyc
144177_2016-07-14_14-18-08-676007.png,nyc
144200_2016-07-14_14-19-07-915383.png,nyc
144164_2016-07-14_14-18-10-895470.png,nyc
144164_2016-07-14_14-19-05-939933.png,nyc
144164_2016-07-14_14-19-18-950268.png,nyc
144172_2016-07-14_14-21-03-894116.png,nyc
144200_2016-07-14_14-19-49-852870.png,nyc
144200_2016-07-14_14-16-50-388726.png,nyc
144200_2016-07-14_14-18-38-893273.png,nyc
144164_2016-07-14_14-17-26-730189.png,nyc
144164_2016-07-14_14-19-09-942929.png,nyc
144172_2016-07-14_14-17-28-810135.png,nyc
144164_2016-07-14_14-17-07-375451.png,nyc
144200_2016-07-14_14-19-32-837815.png,nyc
144172_2016-07-14_14-21-36-092384.png,nyc
144172_2016-07-14_14-19-57-836660.png,nyc
144164_2016-07-14_14-19-12-945417.png,nyc
144172_2016-07-14_14-17-18-725731.png,nyc
144200_2016-07-14_14-21-23-234320.png,nyc
144164_2016-07-14_14-17-15-381523.png,nyc
144164_2016-07-14_14-18-06-891920.png,nyc
144172_2016-07-14_14-20-15-853230.png,nyc
144172_2016-07-14_14-21-45-100633.png,nyc
144172_2016-07-14_14-20-34-868764.png,nyc
144172_2016-07-14_14-20-26-862090.png,nyc
144164_2016-07-14_14-19-57-064801.png,nyc
144172_2016-07-14_14-17-17-724857.png,nyc
144200_2016-07-14_14-19-08-916210.png,nyc
144177_2016-07-14_14-18-59-720406.png,nyc
144164_2016-07-14_14-20-20-081789.png,nyc
144177_2016-07-14_14-17-55-664083.png,nyc
144164_2016-07-14_14-21-43-386149.png,nyc
144164_2016-07-14_14-19-54-063152.png,nyc
144164_2016-07-14_14-18-56-933017.png,nyc
144164_2016-07-14_14-19-21-952856.png,nyc
144200_2016-07-14_14-17-16-671325.png,nyc
144177_2016-07-14_14-17-31-630591.png,nyc
144177_2016-07-14_14-21-15-813567.png,nyc
144172_2016-07-14_14-18-31-859000.png,nyc
144177_2016-07-14_14-20-14-127380.png,nyc
144164_2016-07-14_14-18-53-930651.png,nyc
144200_2016-07-14_14-19-51-854313.png,nyc
144172_2016-07-14_14-21-09-070919.png,nyc
144164_2016-07-14_14-21-07-336059.png,nyc
144164_2016-07-14_14-20-27-137273.png,nyc
144164_2016-07-14_14-19-10-943777.png,nyc
144177_2016-07-14_14-17-25-625399.png,nyc
144164_2016-07-14_14-16-56-366715.png,nyc
144172_2016-07-14_14-17-57-833186.png,nyc
144177_2016-07-14_14-18-28-693875.png,nyc
144172_2016-07-14_14-20-50-883042.png,nyc
144164_2016-07-14_14-18-37-917959.png,nyc
144164_2016-07-14_14-17-18-384129.png,nyc
144200_2016-07-14_14-21-43-251518.png,nyc
144164_2016-07-14_14-18-48-927149.png,nyc
144177_2016-07-14_14-21-42-835501.png,nyc
144177_2016-07-14_14-18-22-689040.png,nyc
144172_2016-07-14_14-19-06-886040.png,nyc
144172_2016-07-14_14-18-33-860387.png,nyc
144177_2016-07-14_14-21-07-806953.png,nyc
144172_2016-07-14_14-18-09-842079.png,nyc
144177_2016-07-14_14-17-37-635810.png,nyc
144164_2016-07-14_14-19-52-061570.png,nyc
144200_2016-07-14_14-21-04-077966.png,nyc
144172_2016-07-14_14-18-26-855343.png,nyc
144177_2016-07-14_14-19-41-102458.png,nyc
144200_2016-07-14_14-18-48-901481.png,nyc
144172_2016-07-14_14-20-12-850415.png,nyc
144164_2016-07-14_14-19-45-054348.png,nyc
144177_2016-07-14_14-19-10-730456.png,nyc
144172_2016-07-14_14-17-20-727531.png,nyc
144172_2016-07-14_14-20-42-875998.png,nyc
144172_2016-07-14_14-20-11-849461.png,nyc
144177_2016-07-14_14-17-36-634873.png,nyc
144200_2016-07-14_14-16-46-384137.png,nyc
144200_2016-07-14_14-18-50-902965.png,nyc
144172_2016-07-14_14-19-18-895560.png,nyc
144177_2016-07-14_14-17-09-369761.png,nyc
144200_2016-07-14_14-20-26-886339.png,nyc
144177_2016-07-14_14-17-33-632432.png,nyc
144200_2016-07-14_14-17-39-725974.png,nyc
144164_2016-07-14_14-17-37-743895.png,nyc
144164_2016-07-14_14-19-11-944563.png,nyc
144200_2016-07-14_14-20-09-871040.png,nyc
144164_2016-07-14_14-17-30-736921.png,nyc
144200_2016-07-14_14-20-02-864337.png,nyc
144164_2016-07-14_14-19-00-936134.png,nyc
144200_2016-07-14_14-17-25-713545.png,nyc
144177_2016-07-14_14-20-13-126511.png,nyc
144200_2016-07-14_14-17-34-721720.png,nyc
144200_2016-07-14_14-17-35-722641.png,nyc
144164_2016-07-14_14-18-51-929098.png,nyc
144200_2016-07-14_14-21-24-234679.png,nyc
144200_2016-07-14_14-16-47-385084.png,nyc
144172_2016-07-14_14-17-03-712764.png,nyc
144177_2016-07-14_14-21-35-829285.png,nyc
144164_2016-07-14_14-21-17-344388.png,nyc
144200_2016-07-14_14-21-38-247053.png,nyc
144177_2016-07-14_14-20-29-211064.png,nyc
144164_2016-07-14_14-20-32-141060.png,nyc
144177_2016-07-14_14-20-52-234579.png,nyc
144200_2016-07-14_14-19-30-836110.png,nyc
144172_2016-07-14_14-19-01-882178.png,nyc
144177_2016-07-14_14-21-14-812712.png,nyc
144177_2016-07-14_14-20-09-123660.png,nyc
144177_2016-07-14_14-20-12-125673.png,nyc
144164_2016-07-14_14-21-26-372022.png,nyc
144200_2016-07-14_14-17-56-859718.png,nyc
144164_2016-07-14_14-19-55-063986.png,nyc
144164_2016-07-14_14-21-30-375516.png,nyc
144172_2016-07-14_14-17-02-711837.png,nyc
144200_2016-07-14_14-21-13-226297.png,nyc
144172_2016-07-14_14-21-19-079048.png,nyc
144177_2016-07-14_14-21-05-630156.png,nyc
144177_2016-07-14_14-20-21-132400.png,nyc
144164_2016-07-14_14-17-24-729032.png,nyc
144172_2016-07-14_14-18-07-840375.png,nyc
144172_2016-07-14_14-20-02-841048.png,nyc
144172_2016-07-14_14-20-32-866876.png,nyc
144177_2016-07-14_14-17-41-639246.png,nyc
144172_2016-07-14_14-17-52-829397.png,nyc
144172_2016-07-14_14-18-44-869219.png,nyc
144164_2016-07-14_14-19-58-065728.png,nyc
144177_2016-07-14_14-20-03-118902.png,nyc
144172_2016-07-14_14-20-56-888146.png,nyc
144172_2016-07-14_14-21-31-088647.png,nyc
144164_2016-07-14_14-19-03-938328.png,nyc
144164_2016-07-14_14-17-10-377406.png,nyc
144164_2016-07-14_14-21-14-342090.png,nyc
144200_2016-07-14_14-19-57-860018.png,nyc
144177_2016-07-14_14-21-29-824400.png,nyc
144177_2016-07-14_14-18-25-691154.png,nyc
144172_2016-07-14_14-17-40-819853.png,nyc
144172_2016-07-14_14-18-11-843786.png,nyc
144172_2016-07-14_14-19-05-885290.png,nyc
144164_2016-07-14_14-18-24-908089.png,nyc
144164_2016-07-14_14-17-34-741445.png,nyc
144172_2016-07-14_14-21-14-075329.png,nyc
144164_2016-07-14_14-16-47-360314.png,nyc
144177_2016-07-14_14-21-27-822054.png,nyc
144172_2016-07-14_14-19-46-827330.png,nyc
144177_2016-07-14_14-20-28-210115.png,nyc
144200_2016-07-14_14-18-55-906124.png,nyc
144177_2016-07-14_14-20-49-232386.png,nyc
144164_2016-07-14_14-18-55-932201.png,nyc
144200_2016-07-14_14-20-42-900778.png,nyc
144172_2016-07-14_14-20-44-877767.png,nyc
144164_2016-07-14_14-17-43-749716.png,nyc
144164_2016-07-14_14-20-56-160273.png,nyc
144177_2016-07-14_14-21-13-811684.png,nyc
144200_2016-07-14_14-17-45-851332.png,nyc
144172_2016-07-14_14-18-51-874619.png,nyc
144177_2016-07-14_14-19-57-114005.png,nyc
144177_2016-07-14_14-18-20-687137.png,nyc
144200_2016-07-14_14-20-30-889939.png,nyc
144200_2016-07-14_14-17-52-856291.png,nyc
144172_2016-07-14_14-19-10-889164.png,nyc
144177_2016-07-14_14-16-53-356258.png,nyc
144177_2016-07-14_14-17-39-637471.png,nyc
144200_2016-07-14_14-21-10-224077.png,nyc
144177_2016-07-14_14-18-48-711092.png,nyc
144200_2016-07-14_14-20-00-862900.png,nyc
144172_2016-07-14_14-18-49-873297.png,nyc
144200_2016-07-14_14-19-22-927614.png,nyc
144200_2016-07-14_14-18-54-905245.png,nyc
144172_2016-07-14_14-18-10-842958.png,nyc
144172_2016-07-14_14-19-38-820528.png,nyc
144177_2016-07-14_14-18-30-695398.png,nyc
144164_2016-07-14_14-18-12-896977.png,nyc
144177_2016-07-14_14-20-43-228390.png,nyc
144164_2016-07-14_14-20-31-140373.png,nyc
144172_2016-07-14_14-21-13-074456.png,nyc
144164_2016-07-14_14-20-54-158573.png,nyc
144200_2016-07-14_14-20-13-874864.png,nyc
144200_2016-07-14_14-21-26-236379.png,nyc
144172_2016-07-14_14-18-12-844378.png,nyc
144177_2016-07-14_14-17-24-624528.png,nyc
144200_2016-07-14_14-17-58-861465.png,nyc
144200_2016-07-14_14-21-21-232420.png,nyc
144172_2016-07-14_14-17-53-830051.png,nyc
144177_2016-07-14_14-17-53-662270.png,nyc
144200_2016-07-14_14-18-15-873698.png,nyc
144172_2016-07-14_14-18-28-856390.png,nyc
144172_2016-07-14_14-21-05-895925.png,nyc
144172_2016-07-14_14-20-43-876965.png,nyc
144200_2016-07-14_14-20-50-907421.png,nyc
144177_2016-07-14_14-18-14-681602.png,nyc
144177_2016-07-14_14-21-39-832390.png,nyc
144172_2016-07-14_14-18-00-835567.png,nyc
144200_2016-07-14_14-20-24-884764.png,nyc
144172_2016-07-14_14-20-17-855055.png,nyc
144172_2016-07-14_14-20-14-852293.png,nyc
144200_2016-07-14_14-19-20-926031.png,nyc
144200_2016-07-14_14-19-10-917710.png,nyc
144200_2016-07-14_14-17-57-860531.png,nyc
144177_2016-07-14_14-17-28-627926.png,nyc
144164_2016-07-14_14-21-41-384407.png,nyc
144172_2016-07-14_14-18-43-868375.png,nyc
144177_2016-07-14_14-18-32-697261.png,nyc
144200_2016-07-14_14-19-21-926883.png,nyc
144172_2016-07-14_14-16-55-706539.png,nyc
144172_2016-07-14_14-18-35-862071.png,nyc
144164_2016-07-14_14-21-42-385267.png,nyc
144172_2016-07-14_14-20-58-889875.png,nyc
144164_2016-07-14_14-21-40-383933.png,nyc
144172_2016-07-14_14-19-29-812406.png,nyc
144164_2016-07-14_14-18-40-920447.png,nyc
144172_2016-07-14_14-21-38-094213.png,nyc
144164_2016-07-14_14-21-05-166982.png,nyc
144164_2016-07-14_14-17-40-746358.png,nyc
144164_2016-07-14_14-20-49-154735.png,nyc
144177_2016-07-14_14-17-45-642932.png,nyc
144172_2016-07-14_14-17-35-816161.png,nyc
144172_2016-07-14_14-21-15-076277.png,nyc
144200_2016-07-14_14-20-19-880599.png,nyc
144200_2016-07-14_14-19-34-839670.png,nyc
144177_2016-07-14_14-17-26-626348.png,nyc
144177_2016-07-14_14-19-52-110105.png,nyc
144177_2016-07-14_14-16-45-340106.png,nyc
144164_2016-07-14_14-16-46-359459.png,nyc
144164_2016-07-14_14-19-56-064376.png,nyc
144177_2016-07-14_14-20-26-208378.png,nyc
144172_2016-07-14_14-18-58-879587.png,nyc
144172_2016-07-14_14-20-39-873492.png,nyc
144164_2016-07-14_14-18-07-892789.png,nyc
144164_2016-07-14_14-21-01-164326.png,nyc
144172_2016-07-14_14-18-22-852385.png,nyc
144172_2016-07-14_14-19-52-832339.png,nyc
144164_2016-07-14_14-18-45-924998.png,nyc
144177_2016-07-14_14-18-27-692982.png,nyc
144177_2016-07-14_14-19-07-727723.png,nyc
144172_2016-07-14_14-18-24-853686.png,nyc
144172_2016-07-14_14-16-47-383121.png,nyc
144172_2016-07-14_14-17-36-816631.png,nyc
144200_2016-07-14_14-21-08-222286.png,nyc
144177_2016-07-14_14-19-12-732345.png,nyc
144164_2016-07-14_14-19-16-948714.png,nyc
144177_2016-07-14_14-17-16-375792.png,nyc
144172_2016-07-14_14-18-02-836550.png,nyc
144200_2016-07-14_14-18-18-876269.png,nyc
144164_2016-07-14_14-17-54-882489.png,nyc
144177_2016-07-14_14-19-08-728673.png,nyc
144164_2016-07-14_14-17-19-385038.png,nyc
144164_2016-07-14_14-19-20-951995.png,nyc
144200_2016-07-14_14-20-03-865309.png,nyc
144177_2016-07-14_14-18-26-692078.png,nyc
144164_2016-07-14_14-16-55-365887.png,nyc
144177_2016-07-14_14-20-46-230681.png,nyc
144172_2016-07-14_14-21-07-069029.png,nyc
144200_2016-07-14_14-20-10-872013.png,nyc
144200_2016-07-14_14-17-18-673199.png,nyc
144172_2016-07-14_14-21-32-089593.png,nyc
144200_2016-07-14_14-18-47-900600.png,nyc
144177_2016-07-14_14-18-10-677852.png,nyc
144172_2016-07-14_14-18-59-880406.png,nyc
144177_2016-07-14_14-19-48-107503.png,nyc
144164_2016-07-14_14-17-02-371733.png,nyc
144200_2016-07-14_14-20-29-888986.png,nyc
144172_2016-07-14_14-17-25-807946.png,nyc
144164_2016-07-14_14-20-11-075702.png,nyc
144164_2016-07-14_14-19-06-940496.png,nyc
144172_2016-07-14_14-17-06-715419.png,nyc
144177_2016-07-14_14-18-34-698564.png,nyc
144172_2016-07-14_14-17-30-811829.png,nyc
144200_2016-07-14_14-18-14-872840.png,nyc
144164_2016-07-14_14-17-25-729312.png,nyc
144177_2016-07-14_14-16-48-342918.png,nyc
144172_2016-07-14_14-19-20-896386.png,nyc
144172_2016-07-14_14-17-00-710146.png,nyc
144164_2016-07-14_14-19-34-044882.png,nyc
144164_2016-07-14_14-21-36-380394.png,nyc
144177_2016-07-14_14-21-04-629280.png,nyc
144164_2016-07-14_14-21-03-165249.png,nyc
144177_2016-07-14_14-19-16-735907.png,nyc
144172_2016-07-14_14-16-49-384859.png,nyc
144172_2016-07-14_14-20-09-847621.png,nyc
144172_2016-07-14_14-19-25-808622.png,nyc
144177_2016-07-14_14-18-58-719473.png,nyc
144177_2016-07-14_14-20-06-121206.png,nyc
144177_2016-07-14_14-18-56-717679.png,nyc
144172_2016-07-14_14-19-30-813309.png,nyc
144164_2016-07-14_14-21-08-336931.png,nyc
144172_2016-07-14_14-21-01-892376.png,nyc
144172_2016-07-14_14-18-06-839804.png,nyc
144200_2016-07-14_14-21-39-247945.png,nyc
144164_2016-07-14_14-19-36-047319.png,nyc
144172_2016-07-14_14-19-22-897549.png,nyc
144177_2016-07-14_14-19-02-723145.png,nyc
144164_2016-07-14_14-20-42-149543.png,nyc
144172_2016-07-14_14-21-41-096936.png,nyc
144172_2016-07-14_14-18-25-854580.png,nyc
144164_2016-07-14_14-18-54-931428.png,nyc
144164_2016-07-14_14-20-43-150446.png,nyc
144177_2016-07-14_14-19-04-724972.png,nyc
144200_2016-07-14_14-21-41-249784.png,nyc
144177_2016-07-14_14-19-42-103272.png,nyc
144177_2016-07-14_14-19-43-104161.png,nyc
144177_2016-07-14_14-17-23-382031.png,nyc
144200_2016-07-14_14-19-25-831573.png,nyc
144177_2016-07-14_14-19-15-734977.png,nyc
144200_2016-07-14_14-19-01-910442.png,nyc
144172_2016-07-14_14-17-55-831626.png,nyc
144172_2016-07-14_14-21-29-086821.png,nyc
144200_2016-07-14_14-19-04-912867.png,nyc
144164_2016-07-14_14-18-59-935288.png,nyc
144200_2016-07-14_14-21-17-229240.png,nyc
144177_2016-07-14_14-18-39-703221.png,nyc
144200_2016-07-14_14-17-03-659271.png,nyc
144164_2016-07-14_14-17-22-386824.png,nyc
144172_2016-07-14_14-19-15-893117.png,nyc
144200_2016-07-14_14-19-11-918528.png,nyc
144177_2016-07-14_14-21-22-818478.png,nyc
144164_2016-07-14_14-20-26-136407.png,nyc
144177_2016-07-14_14-20-01-117276.png,nyc
144177_2016-07-14_14-21-25-820382.png,nyc
144200_2016-07-14_14-21-02-076146.png,nyc
144177_2016-07-14_14-21-16-813906.png,nyc
144200_2016-07-14_14-17-36-723226.png,nyc
144164_2016-07-14_14-19-02-937488.png,nyc
144200_2016-07-14_14-21-40-248838.png,nyc
144200_2016-07-14_14-20-20-881666.png,nyc
144164_2016-07-14_14-20-30-139751.png,nyc
144200_2016-07-14_14-18-25-881876.png,nyc
144200_2016-07-14_14-20-34-893661.png,nyc
144200_2016-07-14_14-21-33-242641.png,nyc
144200_2016-07-14_14-19-37-842382.png,nyc
144200_2016-07-14_14-20-59-073404.png,nyc
144200_2016-07-14_14-17-09-664803.png,nyc
144177_2016-07-14_14-20-37-218999.png,nyc
144200_2016-07-14_14-20-18-879630.png,nyc
144164_2016-07-14_14-18-03-889517.png,nyc
144177_2016-07-14_14-20-08-122846.png,nyc
144177_2016-07-14_14-21-41-834504.png,nyc
144172_2016-07-14_14-16-50-385567.png,nyc
144177_2016-07-14_14-17-08-368832.png,nyc
144164_2016-07-14_14-19-30-041947.png,nyc
144164_2016-07-14_14-17-33-740467.png,nyc
144177_2016-07-14_14-21-37-831043.png,nyc
144172_2016-07-14_14-18-27-856137.png,nyc
144177_2016-07-14_14-17-15-374866.png,nyc
144172_2016-07-14_14-19-03-883957.png,nyc
144172_2016-07-14_14-20-47-880496.png,nyc
144172_2016-07-14_14-19-59-838391.png,nyc
144164_2016-07-14_14-20-55-159389.png,nyc
144177_2016-07-14_14-17-03-364190.png,nyc
144200_2016-07-14_14-19-26-832505.png,nyc
144177_2016-07-14_14-19-01-722256.png,nyc
144172_2016-07-14_14-20-51-883475.png,nyc
144177_2016-07-14_14-20-19-131025.png,nyc
144164_2016-07-14_14-21-11-339436.png,nyc
144177_2016-07-14_14-18-40-704139.png,nyc
144177_2016-07-14_14-19-18-737688.png,nyc
144200_2016-07-14_14-19-13-920201.png,nyc
144164_2016-07-14_14-17-42-748073.png,nyc
144177_2016-07-14_14-20-42-222832.png,nyc
144164_2016-07-14_14-19-51-061074.png,nyc
144177_2016-07-14_14-17-42-640185.png,nyc
144164_2016-07-14_14-19-13-946684.png,nyc
144200_2016-07-14_14-18-16-874508.png,nyc
144172_2016-07-14_14-20-36-870654.png,nyc
144200_2016-07-14_14-16-49-388017.png,nyc
144177_2016-07-14_14-19-23-741556.png,nyc
144177_2016-07-14_14-21-17-813999.png,nyc
144164_2016-07-14_14-16-53-364035.png,nyc
144172_2016-07-14_14-21-17-077262.png,nyc
144172_2016-07-14_14-18-01-835716.png,nyc
144200_2016-07-14_14-18-19-877048.png,nyc
144172_2016-07-14_14-19-36-818649.png,nyc
144164_2016-07-14_14-20-37-145236.png,nyc
144164_2016-07-14_14-18-29-912145.png,nyc
144177_2016-07-14_14-19-00-721312.png,nyc
144200_2016-07-14_14-16-57-653646.png,nyc
144172_2016-07-14_14-18-38-864408.png,nyc
144164_2016-07-14_14-19-50-060272.png,nyc
144164_2016-07-14_14-20-34-142796.png,nyc
144172_2016-07-14_14-17-16-724129.png,nyc
144177_2016-07-14_14-18-53-714958.png,nyc
144200_2016-07-14_14-20-25-885353.png,nyc
144200_2016-07-14_14-18-31-887203.png,nyc
144172_2016-07-14_14-20-23-859939.png,nyc
144177_2016-07-14_14-21-26-821317.png,nyc
144164_2016-07-14_14-17-38-744837.png,nyc
144200_2016-07-14_14-17-21-675893.png,nyc
144164_2016-07-14_14-17-27-731109.png,nyc
144164_2016-07-14_14-17-55-883284.png,nyc
144177_2016-07-14_14-20-30-211914.png,nyc
144177_2016-07-14_14-17-00-361362.png,nyc
144177_2016-07-14_14-19-38-099658.png,nyc
144200_2016-07-14_14-19-55-858102.png,nyc
144200_2016-07-14_14-17-26-714563.png,nyc
144200_2016-07-14_14-20-44-902150.png,nyc
144177_2016-07-14_14-17-52-661327.png,nyc
144164_2016-07-14_14-21-44-387048.png,nyc
144164_2016-07-14_14-17-53-881739.png,nyc
144164_2016-07-14_14-19-43-053425.png,nyc
144200_2016-07-14_14-18-02-864287.png,nyc
144200_2016-07-14_14-16-58-654558.png,nyc
144177_2016-07-14_14-17-10-370349.png,nyc
144164_2016-07-14_14-17-17-383265.png,nyc
144172_2016-07-14_14-21-25-083133.png,nyc
144177_2016-07-14_14-17-49-646476.png,nyc
144200_2016-07-14_14-18-07-867359.png,nyc
144177_2016-07-14_14-20-47-231476.png,nyc
144200_2016-07-14_14-20-35-894580.png,nyc
144172_2016-07-14_14-20-06-844805.png,nyc
144177_2016-07-14_14-17-17-376762.png,nyc
144164_2016-07-14_14-17-05-373616.png,nyc
144200_2016-07-14_14-17-31-718782.png,nyc
144200_2016-07-14_14-18-56-906916.png,nyc
144177_2016-07-14_14-19-50-109164.png,nyc
144172_2016-07-14_14-19-09-888473.png,nyc
144172_2016-07-14_14-19-55-835205.png,nyc
144200_2016-07-14_14-21-03-077007.png,nyc
144200_2016-07-14_14-17-08-663856.png,nyc
144172_2016-07-14_14-16-57-708232.png,nyc
144177_2016-07-14_14-19-30-093206.png,nyc
144200_2016-07-14_14-18-32-887967.png,nyc
144177_2016-07-14_14-17-38-636697.png,nyc
144177_2016-07-14_14-17-51-660803.png,nyc
144172_2016-07-14_14-20-03-841987.png,nyc
144177_2016-07-14_14-21-08-807841.png,nyc
144200_2016-07-14_14-19-29-835213.png,nyc
144172_2016-07-14_14-19-24-807994.png,nyc
144172_2016-07-14_14-17-29-811017.png,nyc
144200_2016-07-14_14-18-33-888755.png,nyc
144200_2016-07-14_14-19-33-838729.png,nyc
144177_2016-07-14_14-21-06-631105.png,nyc
144177_2016-07-14_14-17-14-373947.png,nyc
144200_2016-07-14_14-18-26-882777.png,nyc
144172_2016-07-14_14-17-51-828878.png,nyc
144177_2016-07-14_14-16-59-360424.png,nyc
144200_2016-07-14_14-20-36-895531.png,nyc
144200_2016-07-14_14-17-07-662901.png,nyc
144164_2016-07-14_14-20-16-078853.png,nyc
144164_2016-07-14_14-18-21-904905.png,nyc
144172_2016-07-14_14-18-32-859881.png,nyc
144172_2016-07-14_14-18-53-876139.png,nyc
144200_2016-07-14_14-19-24-830949.png,nyc
144177_2016-07-14_14-18-07-675067.png,nyc
144164_2016-07-14_14-21-24-370338.png,nyc
144164_2016-07-14_14-17-32-738757.png,nyc
144200_2016-07-14_14-21-15-228084.png,nyc
144164_2016-07-14_14-18-34-915485.png,nyc
144172_2016-07-14_14-17-54-830822.png,nyc
144177_2016-07-14_14-18-01-669733.png,nyc
144172_2016-07-14_14-20-30-865047.png,nyc
144164_2016-07-14_14-18-32-914035.png,nyc
144200_2016-07-14_14-16-56-652721.png,nyc
144164_2016-07-14_14-16-57-367634.png,nyc
144200_2016-07-14_14-20-55-068938.png,nyc
144172_2016-07-14_14-21-24-082487.png,nyc
144200_2016-07-14_14-16-55-651971.png,nyc
144164_2016-07-14_14-21-00-163439.png,nyc
144172_2016-07-14_14-18-54-876943.png,nyc
144177_2016-07-14_14-19-47-107036.png,nyc
144200_2016-07-14_14-17-23-677834.png,nyc
144200_2016-07-14_14-20-27-887280.png,nyc
144177_2016-07-14_14-17-56-664989.png,nyc
144172_2016-07-14_14-17-11-719623.png,nyc
144177_2016-07-14_14-19-54-111754.png,nyc
144177_2016-07-14_14-21-30-825261.png,nyc
144200_2016-07-14_14-20-48-905874.png,nyc
144177_2016-07-14_14-18-29-694464.png,nyc
144200_2016-07-14_14-18-59-909475.png,nyc
144164_2016-07-14_14-21-32-377220.png,nyc
144172_2016-07-14_14-18-17-848406.png,nyc
144172_2016-07-14_14-21-00-891622.png,nyc
144172_2016-07-14_14-19-02-883060.png,nyc
144164_2016-07-14_14-20-21-082647.png,nyc
144164_2016-07-14_14-18-08-893549.png,nyc
144172_2016-07-14_14-20-10-848527.png,nyc
144172_2016-07-14_14-18-23-853202.png,nyc
144200_2016-07-14_14-20-58-072432.png,nyc
144172_2016-07-14_14-18-56-877949.png,nyc
144164_2016-07-14_14-20-09-074281.png,nyc
144172_2016-07-14_14-21-33-090458.png,nyc
144177_2016-07-14_14-18-21-688089.png,nyc
144172_2016-07-14_14-19-47-828273.png,nyc
144177_2016-07-14_14-17-29-628721.png,nyc
144172_2016-07-14_14-19-53-833293.png,nyc
144177_2016-07-14_14-17-35-634296.png,nyc
144177_2016-07-14_14-17-21-380138.png,nyc
144200_2016-07-14_14-21-30-239966.png,nyc
144164_2016-07-14_14-16-48-361101.png,nyc
144177_2016-07-14_14-18-19-686204.png,nyc
144200_2016-07-14_14-20-08-870073.png,nyc
144200_2016-07-14_14-19-45-849659.png,nyc
144200_2016-07-14_14-17-32-719687.png,nyc
144200_2016-07-14_14-17-54-858056.png,nyc
144200_2016-07-14_14-19-02-911210.png,nyc
144200_2016-07-14_14-20-39-898275.png,nyc
144164_2016-07-14_14-16-50-362306.png,nyc
144164_2016-07-14_14-19-01-936386.png,nyc
144172_2016-07-14_14-17-43-822355.png,nyc
144200_2016-07-14_14-18-40-894625.png,nyc
144172_2016-07-14_14-19-43-824742.png,nyc
144172_2016-07-14_14-19-42-823860.png,nyc
144164_2016-07-14_14-18-50-928691.png,nyc
144200_2016-07-14_14-17-12-667634.png,nyc
144164_2016-07-14_14-18-36-917187.png,nyc
144177_2016-07-14_14-18-44-707442.png,nyc
144172_2016-07-14_14-19-51-831380.png,nyc
144164_2016-07-14_14-18-42-922159.png,nyc
144177_2016-07-14_14-21-21-817613.png,nyc
144164_2016-07-14_14-19-44-054061.png,nyc
144177_2016-07-14_14-20-24-206500.png,nyc
144172_2016-07-14_14-21-34-091321.png,nyc
144177_2016-07-14_14-17-59-667837.png,nyc
144172_2016-07-14_14-20-54-886305.png,nyc
144177_2016-07-14_14-17-43-641150.png,nyc
144172_2016-07-14_14-18-55-877822.png,nyc
144200_2016-07-14_14-19-52-855241.png,nyc
144172_2016-07-14_14-18-41-867015.png,nyc
144177_2016-07-14_14-17-46-643805.png,nyc
144177_2016-07-14_14-21-01-627075.png,nyc
144200_2016-07-14_14-20-52-908595.png,nyc
144164_2016-07-14_14-17-12-378981.png,nyc
144177_2016-07-14_14-19-03-724060.png,nyc
144172_2016-07-14_14-18-16-847600.png,nyc
144164_2016-07-14_14-21-27-372875.png,nyc
144200_2016-07-14_14-21-44-252426.png,nyc
144200_2016-07-14_14-21-25-235458.png,nyc
144200_2016-07-14_14-21-34-243527.png,nyc
144200_2016-07-14_14-18-12-871033.png,nyc
144200_2016-07-14_14-19-05-913712.png,nyc
144172_2016-07-14_14-19-17-894770.png,nyc
144164_2016-07-14_14-19-48-058783.png,nyc
144177_2016-07-14_14-20-39-220390.png,nyc
144172_2016-07-14_14-21-20-080029.png,nyc
144164_2016-07-14_14-19-08-942119.png,nyc
144172_2016-07-14_14-21-39-095144.png,nyc
144164_2016-07-14_14-21-35-379905.png,nyc
144200_2016-07-14_14-18-49-902416.png,nyc
144177_2016-07-14_14-20-38-220289.png,nyc
144164_2016-07-14_14-21-10-338564.png,nyc
144172_2016-07-14_14-20-35-869720.png,nyc
144164_2016-07-14_14-19-27-039551.png,nyc
144164_2016-07-14_14-20-15-078246.png,nyc
144172_2016-07-14_14-21-12-073562.png,nyc
144200_2016-07-14_14-18-03-864401.png,nyc
144164_2016-07-14_14-17-09-376511.png,nyc
144177_2016-07-14_14-20-48-232332.png,nyc
144172_2016-07-14_14-21-11-072666.png,nyc
144200_2016-07-14_14-17-29-716879.png,nyc
144200_2016-07-14_14-16-48-386045.png,nyc
144177_2016-07-14_14-17-34-633382.png,nyc
144200_2016-07-14_14-19-14-921012.png,nyc
144177_2016-07-14_14-20-18-130201.png,nyc
144172_2016-07-14_14-17-10-718757.png,nyc
144177_2016-07-14_14-17-40-638339.png,nyc
144200_2016-07-14_14-18-28-884292.png,nyc
144164_2016-07-14_14-20-39-147007.png,nyc
144177_2016-07-14_14-20-00-116457.png,nyc
144200_2016-07-14_14-21-28-238195.png,nyc
144164_2016-07-14_14-20-28-138148.png,nyc
144164_2016-07-14_14-17-44-750577.png,nyc
144164_2016-07-14_14-20-23-084091.png,nyc
144200_2016-07-14_14-17-00-656423.png,nyc
144164_2016-07-14_14-21-34-379028.png,nyc
144177_2016-07-14_14-18-55-716762.png,nyc
144172_2016-07-14_14-19-11-889918.png,nyc
144172_2016-07-14_14-20-16-854115.png,nyc
144200_2016-07-14_14-19-09-916994.png,nyc
144172_2016-07-14_14-19-21-897200.png,nyc
144200_2016-07-14_14-19-00-910237.png,nyc
144177_2016-07-14_14-21-12-810857.png,nyc
144172_2016-07-14_14-17-34-815224.png,nyc
144177_2016-07-14_14-20-07-122026.png,nyc
144164_2016-07-14_14-20-04-070008.png,nyc
144200_2016-07-14_14-21-36-245309.png,nyc
144177_2016-07-14_14-17-50-647422.png,nyc
144200_2016-07-14_14-19-47-851265.png,nyc
144177_2016-07-14_14-19-13-733377.png,nyc
144172_2016-07-14_14-18-50-874040.png,nyc
144177_2016-07-14_14-16-57-358763.png,nyc
144177_2016-07-14_14-17-12-372075.png,nyc
144177_2016-07-14_14-20-04-119733.png,nyc
144164_2016-07-14_14-18-41-921317.png,nyc
144164_2016-07-14_14-19-15-948274.png,nyc
144200_2016-07-14_14-21-18-230143.png,nyc
144177_2016-07-14_14-21-10-809169.png,nyc
144200_2016-07-14_14-17-13-668550.png,nyc
144177_2016-07-14_14-19-51-110071.png,nyc
144172_2016-07-14_14-18-08-841211.png,nyc
144164_2016-07-14_14-19-14-947473.png,nyc
144164_2016-07-14_14-17-56-884047.png,nyc
144172_2016-07-14_14-21-40-096004.png,nyc
144177_2016-07-14_14-21-40-833390.png,nyc
144164_2016-07-14_14-17-50-880410.png,nyc
144172_2016-07-14_14-20-18-855984.png,nyc
144200_2016-07-14_14-21-35-244384.png,nyc
144177_2016-07-14_14-21-19-815847.png,nyc
144164_2016-07-14_14-20-29-138898.png,nyc
144177_2016-07-14_14-20-56-622638.png,nyc
144164_2016-07-14_14-20-10-074731.png,nyc
144177_2016-07-14_14-16-55-357624.png,nyc
144200_2016-07-14_14-19-15-921861.png,nyc
144172_2016-07-14_14-16-48-383994.png,nyc
144164_2016-07-14_14-19-46-056603.png,nyc
144172_2016-07-14_14-20-40-874430.png,nyc
144200_2016-07-14_14-21-20-231995.png,nyc
144172_2016-07-14_14-18-57-878797.png,nyc
144177_2016-07-14_14-18-37-701396.png,nyc
144172_2016-07-14_14-19-26-809538.png,nyc
144164_2016-07-14_14-17-51-880521.png,nyc
144200_2016-07-14_14-17-11-666654.png,nyc
144164_2016-07-14_14-19-17-949486.png,nyc
144164_2016-07-14_14-21-15-342635.png,nyc
144177_2016-07-14_14-21-18-814881.png,nyc
144200_2016-07-14_14-20-51-907906.png,nyc
144177_2016-07-14_14-19-55-112381.png,nyc
144164_2016-07-14_14-20-36-144381.png,nyc
144200_2016-07-14_14-20-16-877745.png,nyc
144200_2016-07-14_14-17-06-662003.png,nyc
144172_2016-07-14_14-18-47-871695.png,nyc
144200_2016-07-14_14-18-42-896730.png,nyc
144172_2016-07-14_14-19-49-829953.png,nyc
144200_2016-07-14_14-18-57-907730.png,nyc
144200_2016-07-14_14-20-01-863739.png,nyc
144200_2016-07-14_14-20-28-888062.png,nyc
144172_2016-07-14_14-18-05-838920.png,nyc
144200_2016-07-14_14-17-02-658296.png,nyc
144172_2016-07-14_14-18-30-858126.png,nyc
144164_2016-07-14_14-19-49-059626.png,nyc
144164_2016-07-14_14-20-40-147857.png,nyc
144164_2016-07-14_14-18-58-934521.png,nyc
144164_2016-07-14_14-16-45-358746.png,nyc
144164_2016-07-14_14-20-47-152971.png,nyc
144164_2016-07-14_14-19-38-049904.png,nyc
144172_2016-07-14_14-19-35-817799.png,nyc
144172_2016-07-14_14-17-07-716406.png,nyc
144172_2016-07-14_14-17-41-820650.png,nyc
144164_2016-07-14_14-20-25-135929.png,nyc
144177_2016-07-14_14-19-35-097114.png,nyc
144172_2016-07-14_14-19-39-821085.png,nyc
144164_2016-07-14_14-18-57-933788.png,nyc
144177_2016-07-14_14-18-04-672271.png,nyc
144164_2016-07-14_14-17-58-885341.png,nyc
144177_2016-07-14_14-20-32-213496.png,nyc
144177_2016-07-14_14-17-54-663202.png,nyc
144177_2016-07-14_14-21-20-816841.png,nyc
144172_2016-07-14_14-20-19-856908.png,nyc
144200_2016-07-14_14-20-45-903080.png,nyc
144177_2016-07-14_14-18-24-690339.png,nyc
144200_2016-07-14_14-17-50-855618.png,nyc
144164_2016-07-14_14-19-32-043351.png,nyc
144200_2016-07-14_14-17-40-726849.png,nyc
144177_2016-07-14_14-19-33-095828.png,nyc
144164_2016-07-14_14-20-33-141933.png,nyc
144177_2016-07-14_14-18-43-706766.png,nyc
144172_2016-07-14_14-21-04-895049.png,nyc
144172_2016-07-14_14-17-39-819094.png,nyc
144200_2016-07-14_14-19-18-924411.png,nyc
144200_2016-07-14_14-18-04-865287.png,nyc
144164_2016-07-14_14-21-16-343542.png,nyc
144164_2016-07-14_14-20-59-162726.png,nyc
144200_2016-07-14_14-18-27-883473.png,nyc
144164_2016-07-14_14-20-44-151197.png,nyc
144172_2016-07-14_14-19-07-886753.png,nyc
144177_2016-07-14_14-20-58-624395.png,nyc
144177_2016-07-14_14-19-14-734237.png,nyc
144200_2016-07-14_14-21-29-239081.png,nyc
144172_2016-07-14_14-20-00-839298.png,nyc
144164_2016-07-14_14-18-28-911325.png,nyc
144177_2016-07-14_14-20-27-209248.png,nyc
144200_2016-07-14_14-17-04-660229.png,nyc
144172_2016-07-14_14-17-31-812716.png,nyc
144172_2016-07-14_14-18-45-870149.png,nyc
144172_2016-07-14_14-20-57-888960.png,nyc
144177_2016-07-14_14-16-47-342082.png,nyc
144177_2016-07-14_14-18-06-674162.png,nyc
144172_2016-07-14_14-17-21-728407.png,nyc
144177_2016-07-14_14-17-05-365995.png,nyc
144177_2016-07-14_14-17-06-366921.png,nyc
144177_2016-07-14_14-17-22-381089.png,nyc
144172_2016-07-14_14-17-04-713674.png,nyc
144200_2016-07-14_14-18-45-899166.png,nyc
144200_2016-07-14_14-18-22-879652.png,nyc
144172_2016-07-14_14-20-29-864102.png,nyc
144164_2016-07-14_14-19-28-040525.png,nyc
144172_2016-07-14_14-17-12-720542.png,nyc
144200_2016-07-14_14-18-30-886305.png,nyc
144200_2016-07-14_14-17-37-724167.png,nyc
144172_2016-07-14_14-17-47-826072.png,nyc
144164_2016-07-14_14-17-00-370033.png,nyc
144172_2016-07-14_14-19-33-816159.png,nyc
144177_2016-07-14_14-19-39-100473.png,nyc
144164_2016-07-14_14-19-33-044241.png,nyc
144200_2016-07-14_14-20-54-068276.png,nyc
144164_2016-07-14_14-19-29-041327.png,nyc
144164_2016-07-14_14-21-09-337781.png,nyc
144164_2016-07-14_14-18-14-898695.png,nyc
144164_2016-07-14_14-17-31-737806.png,nyc
144200_2016-07-14_14-20-15-876779.png,nyc
144200_2016-07-14_14-19-50-853781.png,nyc
144172_2016-07-14_14-18-40-866075.png,nyc
144177_2016-07-14_14-19-53-110909.png,nyc
144177_2016-07-14_14-19-34-096374.png,nyc
144172_2016-07-14_14-17-05-714605.png,nyc
144164_2016-07-14_14-18-27-910488.png,nyc
144177_2016-07-14_14-18-46-709257.png,nyc
144200_2016-07-14_14-20-31-890868.png,nyc
144172_2016-07-14_14-21-42-097874.png,nyc
144200_2016-07-14_14-17-38-725146.png,nyc
144177_2016-07-14_14-21-34-828413.png,nyc
144177_2016-07-14_14-16-50-354603.png,nyc
144177_2016-07-14_14-19-11-731407.png,nyc
144177_2016-07-14_14-18-11-678784.png,nyc
144172_2016-07-14_14-20-31-865935.png,nyc
144164_2016-07-14_14-19-59-066543.png,nyc
144172_2016-07-14_14-17-24-806858.png,nyc
144172_2016-07-14_14-20-52-884423.png,nyc
144172_2016-07-14_14-21-23-082246.png,nyc
144200_2016-07-14_14-16-59-655460.png,nyc
144172_2016-07-14_14-21-26-084008.png,nyc
144200_2016-07-14_14-19-19-925210.png,nyc
144177_2016-07-14_14-18-42-705837.png,nyc
144200_2016-07-14_14-17-46-852111.png,nyc
144200_2016-07-14_14-18-21-878805.png,nyc
144164_2016-07-14_14-16-52-363144.png,nyc
144200_2016-07-14_14-20-23-884146.png,nyc
144172_2016-07-14_14-19-32-815199.png,nyc
144200_2016-07-14_14-21-14-227179.png,nyc
144164_2016-07-14_14-20-13-077509.png,nyc
144177_2016-07-14_14-19-28-092111.png,nyc
144164_2016-07-14_14-16-51-362644.png,nyc
144177_2016-07-14_14-16-56-358554.png,nyc
144164_2016-07-14_14-20-02-068403.png,nyc
144164_2016-07-14_14-19-19-950974.png,nyc
144164_2016-07-14_14-18-35-916381.png,nyc
144164_2016-07-14_14-20-07-072714.png,nyc
144200_2016-07-14_14-19-35-840607.png,nyc
144164_2016-07-14_14-17-41-747243.png,nyc
144172_2016-07-14_14-18-18-849256.png,nyc
144177_2016-07-14_14-18-38-702315.png,nyc
144200_2016-07-14_14-17-05-661206.png,nyc
144177_2016-07-14_14-18-36-700447.png,nyc
144172_2016-07-14_14-17-32-813613.png,nyc
144164_2016-07-14_14-18-09-894639.png,nyc
144200_2016-07-14_14-18-17-875424.png,nyc
144172_2016-07-14_14-19-34-816841.png,nyc
144177_2016-07-14_14-18-57-718560.png,nyc
144200_2016-07-14_14-17-43-729154.png,nyc
144164_2016-07-14_14-17-20-385890.png,nyc
144164_2016-07-14_14-21-31-376379.png,nyc
144177_2016-07-14_14-19-25-089862.png,nyc
144164_2016-07-14_14-18-38-918782.png,nyc
144177_2016-07-14_14-19-59-115631.png,nyc
144164_2016-07-14_14-17-08-376335.png,nyc
144164_2016-07-14_14-20-57-160923.png,nyc
144172_2016-07-14_14-21-16-076398.png,nyc
144164_2016-07-14_14-18-44-924232.png,nyc
144164_2016-07-14_14-20-22-083521.png,nyc
144200_2016-07-14_14-17-28-715759.png,nyc
144164_2016-07-14_14-20-08-073495.png,nyc
144164_2016-07-14_14-19-47-058008.png,nyc
144164_2016-07-14_14-16-58-368538.png,nyc
144172_2016-07-14_14-20-24-860576.png,nyc
144164_2016-07-14_14-19-31-042692.png,nyc
144164_2016-07-14_14-17-57-884463.png,nyc
144164_2016-07-14_14-17-36-742812.png,nyc
144177_2016-07-14_14-19-31-094015.png,nyc
144164_2016-07-14_14-17-39-745675.png,nyc
144177_2016-07-14_14-17-27-627246.png,nyc
144164_2016-07-14_14-20-06-071847.png,nyc
144164_2016-07-14_14-17-23-387722.png,nyc
144177_2016-07-14_14-21-11-810008.png,nyc
144164_2016-07-14_14-18-01-887736.png,nyc
144200_2016-07-14_14-18-00-862385.png,nyc
144177_2016-07-14_14-17-13-373015.png,nyc
144164_2016-07-14_14-19-35-045786.png,nyc
144164_2016-07-14_14-20-41-148827.png,nyc
144164_2016-07-14_14-17-16-382374.png,nyc
144164_2016-07-14_14-18-16-900283.png,nyc
144172_2016-07-14_14-20-13-851344.png,nyc
144172_2016-07-14_14-18-04-838108.png,nyc
144172_2016-07-14_14-16-46-381456.png,nyc
144200_2016-07-14_14-16-52-649097.png,nyc
144200_2016-07-14_14-20-43-901715.png,nyc
144200_2016-07-14_14-17-27-715466.png,nyc
144164_2016-07-14_14-17-29-734021.png,nyc
144200_2016-07-14_14-21-06-079661.png,nyc
144200_2016-07-14_14-17-53-857215.png,nyc
144177_2016-07-14_14-18-45-708430.png,nyc
144164_2016-07-14_14-20-14-078062.png,nyc
144177_2016-07-14_14-17-47-644744.png,nyc
144164_2016-07-14_14-17-28-732028.png,nyc
144177_2016-07-14_14-20-02-118056.png,nyc
144172_2016-07-14_14-19-16-893992.png,nyc
144177_2016-07-14_14-18-13-680662.png,nyc
144200_2016-07-14_14-20-06-868118.png,nyc
144200_2016-07-14_14-17-41-727334.png,nyc
144164_2016-07-14_14-17-14-380667.png,nyc
144172_2016-07-14_14-17-09-718269.png,nyc
144164_2016-07-14_14-21-37-381258.png,nyc
144164_2016-07-14_14-18-23-906521.png,nyc
144172_2016-07-14_14-19-48-829209.png,nyc
144200_2016-07-14_14-19-28-834298.png,nyc
144172_2016-07-14_14-20-41-875078.png,nyc
144200_2016-07-14_14-18-43-897621.png,nyc
144177_2016-07-14_14-19-29-092385.png,nyc
144177_2016-07-14_14-17-32-631517.png,nyc
144200_2016-07-14_14-17-42-728237.png,nyc
144200_2016-07-14_14-20-22-883250.png,nyc
144164_2016-07-14_14-18-11-896269.png,nyc
144177_2016-07-14_14-19-26-090487.png,nyc
144177_2016-07-14_14-18-16-683420.png,nyc
144172_2016-07-14_14-18-20-850763.png,nyc
144172_2016-07-14_14-17-26-808392.png,nyc
144200_2016-07-14_14-19-59-861945.png,nyc
144177_2016-07-14_14-16-49-353755.png,nyc
144177_2016-07-14_14-19-17-736825.png,nyc
144177_2016-07-14_14-21-03-628390.png,nyc
144200_2016-07-14_14-17-22-676856.png,nyc
144164_2016-07-14_14-18-18-901816.png,nyc
144177_2016-07-14_14-18-49-712017.png,nyc
144177_2016-07-14_14-19-05-725855.png,nyc
144172_2016-07-14_14-18-36-862950.png,nyc
144172_2016-07-14_14-17-38-818445.png,nyc
144177_2016-07-14_14-20-51-234057.png,nyc
144172_2016-07-14_14-20-45-878694.png,nyc
144200_2016-07-14_14-18-58-908615.png,nyc
144200_2016-07-14_14-19-17-923641.png,nyc
144177_2016-07-14_14-18-03-671385.png,nyc
144177_2016-07-14_14-20-22-133230.png,nyc
144200_2016-07-14_14-19-46-850348.png,nyc
144164_2016-07-14_14-17-03-372610.png,nyc
144164_2016-07-14_14-17-48-878771.png,nyc
144172_2016-07-14_14-20-21-858162.png,nyc
144164_2016-07-14_14-21-39-382985.png,nyc
144200_2016-07-14_14-17-10-665755.png,nyc
144177_2016-07-14_14-19-58-114817.png,nyc
144172_2016-07-14_14-21-21-080379.png,nyc
144200_2016-07-14_14-18-35-890438.png,nyc
144164_2016-07-14_14-20-19-080903.png,nyc
144172_2016-07-14_14-21-08-069976.png,nyc
144164_2016-07-14_14-21-21-348410.png,nyc
144172_2016-07-14_14-20-08-846673.png,nyc
144164_2016-07-14_14-17-13-379844.png,nyc
144164_2016-07-14_14-19-37-049118.png,nyc
144177_2016-07-14_14-19-20-739524.png,nyc
144200_2016-07-14_14-16-54-650912.png,nyc
144172_2016-07-14_14-18-03-837339.png,nyc
144172_2016-07-14_14-19-45-826662.png,nyc
144177_2016-07-14_14-20-25-207758.png,nyc
144200_2016-07-14_14-17-51-855713.png,nyc
144164_2016-07-14_14-18-13-897921.png,nyc
144200_2016-07-14_14-19-43-847802.png,nyc
144172_2016-07-14_14-20-27-862975.png,nyc
144177_2016-07-14_14-20-15-128200.png,nyc
144164_2016-07-14_14-17-47-877966.png,nyc
144177_2016-07-14_14-17-20-379597.png,nyc
144200_2016-07-14_14-18-01-863353.png,nyc
144164_2016-07-14_14-18-05-891138.png,nyc
144200_2016-07-14_14-21-11-224459.png,nyc
144164_2016-07-14_14-20-00-067226.png,nyc
144177_2016-07-14_14-17-58-666886.png,nyc
144172_2016-07-14_14-17-44-823076.png,nyc
144164_2016-07-14_14-21-18-345850.png,nyc
144200_2016-07-14_14-20-11-872969.png,nyc
144164_2016-07-14_14-18-33-914766.png,nyc
144172_2016-07-14_14-18-34-861223.png,nyc
144177_2016-07-14_14-18-17-684308.png,nyc
144177_2016-07-14_14-19-19-738609.png,nyc
144164_2016-07-14_14-18-15-899497.png,nyc
144200_2016-07-14_14-19-16-922726.png,nyc
144200_2016-07-14_14-17-14-669500.png,nyc
144200_2016-07-14_14-17-01-657320.png,nyc
144200_2016-07-14_14-20-46-904096.png,nyc
144200_2016-07-14_14-18-51-903517.png,nyc
144200_2016-07-14_14-20-14-875813.png,nyc
144200_2016-07-14_14-17-30-717860.png,nyc
144172_2016-07-14_14-20-04-842915.png,nyc
144172_2016-07-14_14-16-45-379253.png,nyc
144172_2016-07-14_14-17-48-826981.png,nyc
144172_2016-07-14_14-17-08-717337.png,nyc
144172_2016-07-14_14-19-54-834266.png,nyc
144172_2016-07-14_14-18-39-865278.png,nyc
144172_2016-07-14_14-21-37-093362.png,nyc
144200_2016-07-14_14-20-21-882553.png,nyc
144177_2016-07-14_14-21-38-831908.png,nyc
144177_2016-07-14_14-19-40-101690.png,nyc
144200_2016-07-14_14-17-17-672258.png,nyc
144172_2016-07-14_14-19-00-881260.png,nyc
144200_2016-07-14_14-21-01-075198.png,nyc
144172_2016-07-14_14-19-37-819575.png,nyc
144164_2016-07-14_14-20-05-071133.png,nyc
144200_2016-07-14_14-19-48-852168.png,nyc
144177_2016-07-14_14-17-30-629649.png,nyc
144172_2016-07-14_14-16-54-705637.png,nyc
144164_2016-07-14_14-17-52-880954.png,nyc
144177_2016-07-14_14-21-02-627812.png,nyc
144177_2016-07-14_14-16-58-359709.png,nyc
144200_2016-07-14_14-17-33-720807.png,nyc
144200_2016-07-14_14-19-56-859076.png,nyc
144172_2016-07-14_14-17-59-834809.png,nyc
144177_2016-07-14_14-20-16-128386.png,nyc
144200_2016-07-14_14-20-33-892765.png,nyc
144200_2016-07-14_14-18-29-885180.png,nyc
144172_2016-07-14_14-20-01-840121.png,nyc
144177_2016-07-14_14-20-17-129341.png,nyc
144200_2016-07-14_14-19-54-857158.png,nyc
144177_2016-07-14_14-20-45-230181.png,nyc
144177_2016-07-14_14-19-44-104596.png,nyc
144164_2016-07-14_14-17-04-373218.png,nyc
144172_2016-07-14_14-19-56-835709.png,nyc
144172_2016-07-14_14-17-42-821480.png,nyc
144172_2016-07-14_14-17-58-833930.png,nyc
144164_2016-07-14_14-19-26-038723.png,nyc
144172_2016-07-14_14-19-04-884416.png,nyc
144200_2016-07-14_14-19-53-856209.png,nyc
144164_2016-07-14_14-21-22-349298.png,nyc
144177_2016-07-14_14-18-47-710155.png,nyc
144200_2016-07-14_14-21-27-237258.png,nyc
144164_2016-07-14_14-21-02-164436.png,nyc
144172_2016-07-14_14-19-50-830849.png,nyc
144172_2016-07-14_14-20-22-858999.png,nyc
144164_2016-07-14_14-20-48-153847.png,nyc
144164_2016-07-14_14-20-46-152177.png,nyc
144164_2016-07-14_14-18-49-927919.png,nyc
144177_2016-07-14_14-20-53-235473.png,nyc
144172_2016-07-14_14-20-46-879633.png,nyc
144177_2016-07-14_14-17-11-371289.png,nyc
144177_2016-07-14_14-18-05-673202.png,nyc
144200_2016-07-14_14-17-49-854738.png,nyc
144164_2016-07-14_14-18-39-919623.png,nyc
144200_2016-07-14_14-19-36-841464.png,nyc
